[
    {
        "name": "Abhishek A. Mishra",
        "website": "https://abhiamishra.github.io/",
        "email": "abhiamishra0@gmail.com",
        "phone": "+1-313-913-6629",
        "linkedin":"https://www.linkedin.com/in/abhishek-mishra-1322641ab/",
        "languages": [
            {
                "language": "Java"
            },
            {
                "language": "Python"
            },
            {
                "language": "R"
            },
            {
                "language": "JavaScript"
            },
            {
                "language": "C++"
            },
            {
                "language": "TypeScript"
            },
            {
                "language": "Unix"
            },
            {
                "language": "Node.js"
            }
        ],
        "frameworks": [
            {
                "framework": "tidyverse"
            },
            {
                "framework": "dplyr"
            },
            {
                "framework": "XGBOOST"
            },
            {
                "framework": "Git"
            },
            {
                "framework": "OpenCV"
            },
            {
                "framework": "Pandas"
            },
            {
            	"framework":"Matplotlib"
            },
            {
                "framework": "Linux"
            },
            {
                "framework": "Firebase"
            },
            {
                "framework": "FastAPI"
            },
            {
                "framework": "Alembic"
            },
            {
                "framework": "SQLAlchemy"
            },
            {
                "framework": "knitr"
            },
            {
                "framework": "ShinyR"
            },           
            {
                "framework": "ggplot2"
            },
            {
                "framework": "Caret"
            }
        ],
        "coursework":[
        	{
            	"class" : "Data Structures and Algorithms"
            },
            {
            	"class" : "Linear Algebra"
            },
            {
            	"class" : "Probability and Statistics"
            },
            {
            	"class" : "UNIX"
            },
            {
            	"class" : "Java"
            }
        ],
        "mediums":[
        	{
            	"medium" : "English"
            },
            {
            	"medium" : "Hindi"
            },
            {
            	"medium" : "Spanish"
            }
        ]
    }
]